{
  "-24,71,-39,15.333332061767578,17": [
    0,
    0,
    0,
    0,
    0,
    0,
    0,
    0,
    0
  ],
  "-25,71,-39,15.333332061767578,17": [
    0,
    0,
    0,
    0,
    0,
    0,
    0,
    0,
    0
  ],
  "-25,72,-39,15.333332061767578,17": [
    0,
    0,
    0,
    0,
    0,
    0,
    0,
    0,
    0
  ],
  "-25,72,-38,15.333332061767578,17": [
    0,
    0,
    0,
    0,
    0,
    0,
    0,
    0,
    0
  ],
  "-25,73,-38,15.333332061767578,17": [
    0,
    0,
    0,
    0,
    0,
    0,
    0,
    0,
    0
  ],
  "-25,72,-38,14.333332061767578,17": [
    0,
    0,
    0,
    0,
    0,
    0,
    0,
    0,
    0
  ],
  "-25,73,-38,14.333332061767578,17": [
    0,
    0,
    0,
    0,
    0,
    0,
    0,
    0,
    0
  ],
  "-25,71,-38,14.333332061767578,17": [
    0,
    0,
    0,
    0,
    0,
    0,
    0,
    0,
    0
  ],
  "-26,71,-38,14.333332061767578,17": [
    0,
    0,
    0,
    0,
    0,
    0,
    0,
    0,
    0
  ],
  "-26,71,-38,13.333332061767578,17": [
    0,
    0,
    0,
    0,
    0,
    0,
    0,
    0,
    0
  ],
  "-26,71,-38,12.333332061767578,17": [
    0,
    0,
    0,
    0,
    0,
    0,
    0,
    0,
    0
  ],
  "-26,70,-38,12.333332061767578,17": [
    0,
    0,
    0,
    0,
    0,
    0,
    0,
    0,
    0
  ],
  "-25,71,-38,12.333332061767578,17": [
    0,
    0,
    0,
    0,
    0,
    0,
    0,
    0,
    0
  ],
  "-25,72,-38,12.333332061767578,17": [
    0,
    0,
    0,
    0,
    0,
    0,
    0,
    0,
    0
  ],
  "-25,70,-38,12.333332061767578,17": [
    0,
    0,
    0,
    0,
    0,
    0,
    0,
    0,
    0
  ],
  "-27,70,-38,12.333332061767578,17": [
    0,
    0,
    0,
    0,
    0,
    0,
    0,
    0,
    0
  ],
  "-27,69,-38,12.333332061767578,17": [
    0,
    0,
    0,
    0,
    0,
    0,
    0,
    0,
    0
  ],
  "-21,73,-35,12.333332061767578,17": [
    0,
    0,
    0,
    0,
    0,
    0,
    0,
    0,
    0
  ],
  "-21,73,-34,12.333332061767578,17": [
    0,
    0,
    0,
    0,
    0,
    0,
    0,
    0,
    0
  ],
  "-20,73,-34,12.333332061767578,17": [
    0,
    0,
    0,
    0,
    0,
    0,
    0,
    0,
    0
  ],
  "-20,72,-34,12.333332061767578,17": [
    0,
    0,
    0,
    0,
    0,
    0,
    0,
    0,
    0
  ],
  "-20,71,-34,12.333332061767578,17": [
    0,
    0,
    0,
    0,
    0,
    0,
    0,
    0,
    0
  ],
  "-21,71,-34,12.333332061767578,17": [
    0,
    0,
    0,
    0,
    0,
    0,
    0,
    0,
    0
  ],
  "-21,72,-34,12.333332061767578,17": [
    0,
    0,
    0,
    0,
    0,
    0,
    0,
    0,
    0
  ],
  "-21,70,-34,12.333332061767578,17": [
    0,
    0,
    0,
    0,
    0,
    0,
    0,
    0,
    0
  ],
  "-20,72,-35,12.333332061767578,17": [
    0,
    0,
    0,
    0,
    0,
    0,
    0,
    0,
    0
  ],
  "-19,72,-35,12.333332061767578,17": [
    0,
    0,
    0,
    0,
    0,
    0,
    0,
    0,
    0
  ],
  "-19,71,-35,12.333332061767578,17": [
    0,
    0,
    0,
    0,
    0,
    0,
    0,
    0,
    0
  ],
  "-19,70,-35,12.333332061767578,17": [
    0,
    0,
    0,
    0,
    0,
    0,
    0,
    0,
    0
  ],
  "-20,70,-35,12.333332061767578,17": [
    0,
    0,
    0,
    0,
    0,
    0,
    0,
    0,
    0
  ],
  "-20,69,-35,12.333332061767578,17": [
    0,
    0,
    0,
    0,
    0,
    0,
    0,
    0,
    0
  ],
  "-20,71,-35,12.333332061767578,17": [
    0,
    0,
    0,
    0,
    0,
    0,
    0,
    0,
    0
  ],
  "-21,69,-35,12.333332061767578,17": [
    0,
    0,
    0,
    0,
    0,
    0,
    0,
    0,
    0
  ],
  "-21,68,-35,12.333332061767578,17": [
    0,
    0,
    0,
    0,
    0,
    0,
    0,
    0,
    0
  ],
  "-22,68,-35,12.333332061767578,17": [
    0,
    0,
    0,
    0,
    0,
    0,
    0,
    0,
    0
  ],
  "-22,67,-35,12.333332061767578,17": [
    0,
    0,
    0,
    0,
    0,
    0,
    0,
    0,
    0
  ],
  "-23,67,-35,12.333332061767578,17": [
    0,
    0,
    0,
    0,
    0,
    0,
    0,
    0,
    0
  ],
  "-22,67,-35,9.333332061767578,17": [
    -5.8519850599000005,
    -5.8519850599000005,
    -5.8519850599000005,
    -6.6300678280000005,
    -5.8519850599000005,
    -5.8519850599000005,
    -5.8519850599000005,
    -5.8519850599000005,
    -5.8519850599000005
  ],
  "-22,66,-35,9.333332061767578,17": [
    -4.8136681,
    -3.940399,
    -3.8521900000000002,
    -3.940399,
    -3.940399,
    -3.8521900000000002,
    -3.940399,
    -3.940399,
    -2.9701000000000004
  ],
  "-22,65,-35,9.333332061767578,17": [
    -2.9701000000000004,
    -2.9701000000000004,
    -2.9701000000000004,
    -2.9701000000000004,
    -2.9701000000000004,
    -2.9701000000000004,
    -2.9701000000000004,
    -1.9900000000000002,
    -1.9900000000000002
  ],
  "7,119,-7,20,20": [
    0,
    0,
    0,
    0,
    0,
    0,
    0,
    0,
    0
  ],
  "7,119,-6,20,20": [
    0,
    0,
    0,
    0,
    0,
    0,
    0,
    0,
    0
  ],
  "7,120,-6,20,20": [
    0,
    0,
    0,
    0,
    0,
    0,
    0,
    0,
    0
  ],
  "7,119,-5,20,20": [
    0,
    0,
    0,
    0,
    0,
    0,
    0,
    0,
    0
  ],
  "7,119,-4,20,20": [
    0,
    0,
    0,
    0,
    0,
    0,
    0,
    0,
    0
  ],
  "7,119,-3,20,20": [
    0,
    0,
    0,
    0,
    0,
    0,
    0,
    0,
    0
  ],
  "7,119,-2,20,20": [
    0,
    0,
    0,
    0,
    0,
    0,
    0,
    0,
    0
  ],
  "7,119,-1,20,20": [
    0,
    0,
    0,
    0,
    0,
    0,
    0,
    0,
    0
  ],
  "7,119,0,20,20": [
    0,
    0,
    0,
    0,
    0,
    0,
    0,
    0,
    0
  ],
  "6,119,0,20,20": [
    0,
    0,
    0,
    0,
    0,
    0,
    0,
    0,
    0
  ],
  "6,119,0,19,20": [
    0,
    0,
    0,
    0,
    0,
    0,
    0,
    0,
    0
  ],
  "5,119,0,20,20": [
    0,
    0,
    0,
    0,
    0,
    0,
    0,
    0,
    0
  ],
  "5,119,1,20,20": [
    0,
    0,
    0,
    0,
    0,
    0,
    0,
    0,
    0
  ],
  "5,118,1,20,20": [
    0,
    0,
    0,
    0,
    0,
    0,
    0,
    0,
    0
  ],
  "4,118,1,20,20": [
    0,
    0,
    0,
    0,
    0,
    0,
    0,
    0,
    0
  ],
  "4,117,1,20,20": [
    0,
    0,
    0,
    0,
    0,
    0,
    0,
    0,
    0
  ],
  "4,116,1,20,20": [
    0,
    0,
    0,
    0,
    0,
    0,
    0,
    0,
    0
  ],
  "4,116,2,20,20": [
    0,
    0,
    0,
    0,
    0,
    0,
    0,
    0,
    0
  ],
  "4,115,2,20,20": [
    0,
    0,
    0,
    0,
    0,
    0,
    0,
    0,
    0
  ],
  "3,115,2,20,20": [
    0,
    0,
    0,
    0,
    0,
    0,
    0,
    0,
    0
  ],
  "3,116,2,20,20": [
    0,
    0,
    0,
    0,
    0,
    0,
    0,
    0,
    0
  ],
  "2,115,2,20,20": [
    0,
    0,
    0,
    0,
    0,
    0,
    0,
    0,
    0
  ],
  "2,114,2,20,20": [
    0,
    0,
    0,
    0,
    0,
    0,
    0,
    0,
    0
  ],
  "2,114,1,20,20": [
    0,
    0,
    0,
    0,
    0,
    0,
    0,
    0,
    0
  ],
  "1,114,1,20,20": [
    0,
    0,
    0,
    0,
    0,
    0,
    0,
    0,
    0
  ],
  "1,113,1,20,20": [
    0,
    0,
    0,
    0,
    0,
    0,
    0,
    0,
    0
  ],
  "1,112,1,20,20": [
    0,
    0,
    0,
    0,
    0,
    0,
    0,
    0,
    0
  ],
  "1,112,0,20,20": [
    0,
    0,
    0,
    0,
    0,
    0,
    0,
    0,
    0
  ],
  "0,112,1,20,20": [
    0,
    0,
    0,
    0,
    0,
    0,
    0,
    0,
    0
  ],
  "0,111,1,20,20": [
    0,
    0,
    0,
    0,
    0,
    0,
    0,
    0,
    0
  ],
  "-1,111,1,20,20": [
    0,
    0,
    0,
    0,
    0,
    0,
    0,
    0,
    0
  ],
  "-1,111,0,20,20": [
    0,
    0,
    0,
    0,
    0,
    0,
    0,
    0,
    0
  ],
  "-2,111,0,20,20": [
    0,
    0,
    0,
    0,
    0,
    0,
    0,
    0,
    0
  ],
  "0,111,2,20,20": [
    0,
    0,
    0,
    0,
    0,
    0,
    0,
    0,
    0
  ],
  "0,111,3,20,20": [
    0,
    0,
    0,
    0,
    0,
    0,
    0,
    0,
    0
  ],
  "0,112,2,20,20": [
    0,
    0,
    0,
    0,
    0,
    0,
    0,
    0,
    0
  ],
  "-2,111,3,20,20": [
    0,
    0,
    0,
    0,
    0,
    0,
    0,
    0,
    0
  ],